<application>
  <component name="WebServers">
    <option name="servers">
      <webServer id="a0d21db6-7b0f-47ea-83f2-be2dc2e06e7b" name="irteam@cdevgpu-ocr001.papago:22 agent">
        <fileTransfer accessType="SFTP" host="cdevgpu-ocr001.papago" port="22" sshConfigId="b183a6c0-4ab1-4986-8df6-2f17d7aefc59" sshConfig="irteam@cdevgpu-ocr001.papago:22 agent" authAgent="true" />
      </webServer>
      <webServer id="85acbe6d-93de-4fb1-9c77-8a2e71cef5ff" name="irteam@cdevgpu-ocr001.papago:22 agent">
        <fileTransfer accessType="SFTP" host="cdevgpu-ocr001.papago" port="22" sshConfigId="b183a6c0-4ab1-4986-8df6-2f17d7aefc59" sshConfig="irteam@cdevgpu-ocr001.papago:22 agent" authAgent="true" />
      </webServer>
    </option>
  </component>
</application>