<application>
  <component name="SonarLintGlobalSettings">
    <option name="excludedRules">
      <set>
        <option value="squid:S1220" />
      </set>
    </option>
    <option name="sonarQubeServers">
      <list>
        <SonarQubeServer>
          <option name="hostUrl" value="http://sonar-papago.navercorp.com/" />
          <option name="name" value="papago-server-sonarqube" />
          <option name="login" value="papago" />
          <password>dfdadfcbdfdadfcbdfcddfc5</password>
          <organizationKey>default-organization</organizationKey>
        </SonarQubeServer>
      </list>
    </option>
  </component>
</application>