<keymap version="1" name="Default for macOS copy" parent="Mac OS X 10.5+">
  <action id="Arrangement.Alias.Rule.Match.Condition.Move.Up" />
  <action id="Arrangement.Rule.Match.Condition.Move.Down" />
  <action id="Arrangement.Rule.Match.Condition.Move.Up" />
  <action id="AutoIndentLines">
    <keyboard-shortcut first-keystroke="meta i" />
  </action>
  <action id="ChooseDebugConfiguration">
    <keyboard-shortcut first-keystroke="shift ctrl e" />
  </action>
  <action id="ChooseRunConfiguration">
    <keyboard-shortcut first-keystroke="shift meta r" />
  </action>
  <action id="Console.TableResult.CompareCells" />
  <action id="Console.TableResult.Reload" />
  <action id="DatabaseView.PropertiesAction" />
  <action id="DatabaseView.Refresh" />
  <action id="Debug">
    <keyboard-shortcut first-keystroke="ctrl e" />
  </action>
  <action id="DebugClass" />
  <action id="Diff.ShowSettingsPopup" />
  <action id="EditorDeleteLine">
    <keyboard-shortcut first-keystroke="ctrl d" />
  </action>
  <action id="EditorDuplicate">
    <keyboard-shortcut first-keystroke="shift alt up" />
    <keyboard-shortcut first-keystroke="shift alt down" />
  </action>
  <action id="EditorLineEnd">
    <keyboard-shortcut first-keystroke="end" />
    <keyboard-shortcut first-keystroke="meta right" />
  </action>
  <action id="EditorSelectWord" />
  <action id="EditorUnSelectWord" />
  <action id="FindInPath" />
  <action id="GotoTypeDeclaration">
    <keyboard-shortcut first-keystroke="shift ctrl b" />
    <mouse-shortcut keystroke="shift meta button1" />
  </action>
  <action id="GuiDesigner.ExpandSelection" />
  <action id="MethodOverloadSwitchDown" />
  <action id="MethodOverloadSwitchUp" />
  <action id="MoveLineDown">
    <keyboard-shortcut first-keystroke="alt down" />
  </action>
  <action id="MoveLineUp">
    <keyboard-shortcut first-keystroke="alt up" />
  </action>
  <action id="NavBar-selectEnd">
    <keyboard-shortcut first-keystroke="end" />
    <keyboard-shortcut first-keystroke="meta right" />
  </action>
  <action id="ReformatCode">
    <keyboard-shortcut first-keystroke="shift meta f" />
  </action>
  <action id="Refresh" />
  <action id="Replace" />
  <action id="ReplaceInPath" />
  <action id="Rerun" />
  <action id="Run">
    <keyboard-shortcut first-keystroke="meta r" />
  </action>
  <action id="RunDashboard.Debug" />
  <action id="ShowSearchHistory" />
  <action id="SmartSelect" />
  <action id="TableResult.GrowSelection" />
  <action id="TagDocumentationNavigation" />
  <action id="Uml.ShowDiff" />
  <action id="UsageView.ShowRecentFindUsages" />
  <action id="Vcs.Log.Refresh" />
  <action id="hg4idea.QRefresh" />
  <action id="tasks.open.in.browser" />
</keymap>